City_ID,City,Country,Lat,Lng,Max Temp,Humidity,Cloudiness,Wind Speed,Current Description
0,Chapais,CA,49.7834,-74.8492,35.38,70,100,11.77,overcast clouds
1,Ponta Delgada,PT,37.7333,-25.6667,63.32,82,20,12.66,few clouds
2,Hithadhoo,MV,-0.6,73.0833,83.17,67,78,6.29,broken clouds
3,Chuy,UY,-33.6971,-53.4616,66.43,58,77,8.12,broken clouds
4,Port Lincoln,AU,-34.7333,135.8667,65.32,85,100,12.01,overcast clouds
5,The Valley,AI,18.217,-63.0578,81.82,69,40,20.71,scattered clouds
6,Bengkulu,ID,-3.8004,102.2655,76.93,90,100,3.91,overcast clouds
7,Saint George,US,37.1041,-113.5841,79.63,14,0,35.68,haze
8,Natal,BR,-5.795,-35.2094,86.65,70,40,13.8,scattered clouds
9,Bluff,NZ,-46.6,168.3333,38.8,80,96,7.78,overcast clouds
10,Mataura,NZ,-46.1927,168.8643,38.48,96,68,2.73,broken clouds
11,Lasa,IT,46.6166,10.7002,37.38,93,30,7.43,scattered clouds
12,Upernavik,GL,72.7868,-56.1549,-5.33,89,30,13.89,scattered clouds
13,Ho Chi Minh City,VN,10.75,106.6667,78.82,94,75,4.61,broken clouds
14,Tezu,IN,27.9167,96.1667,65.64,95,100,5.28,overcast clouds
15,Andenes,NO,69.3143,16.1194,40.98,93,100,12.66,overcast clouds
16,Trairi,BR,-3.2778,-39.2689,80.28,82,100,6.08,overcast clouds
17,Kapaa,US,22.0752,-159.319,78.78,90,100,17.27,light rain
18,Sompeta,IN,18.9333,84.6,80.11,73,74,12.5,broken clouds
19,Manaure,CO,11.7751,-72.4445,89.6,53,6,13.27,clear sky
20,Ushuaia,AR,-54.8,-68.3,44.49,61,65,1.36,broken clouds
21,Busselton,AU,-33.65,115.3333,55.27,84,21,9.91,few clouds
22,Punta Arenas,CL,-53.15,-70.9167,48.11,76,40,11.5,scattered clouds
23,Sistranda,NO,63.7256,8.834,42.76,86,99,7.09,overcast clouds
24,Tasiilaq,GL,65.6145,-37.6368,35.76,97,100,16.64,light rain
25,Rikitea,PF,-23.1203,-134.9692,78.1,71,4,15.52,clear sky
26,Port Alfred,ZA,-33.5906,26.891,61.18,83,100,12.86,overcast clouds
27,Luang Prabang,LA,19.8856,102.1347,75.4,68,9,1.41,clear sky
28,Longyearbyen,SJ,78.2186,15.6401,16.03,91,90,5.73,overcast clouds
29,Haines Junction,CA,60.7522,-137.5108,30.52,71,100,0.78,overcast clouds
30,Grand Gaube,MU,-20.0064,57.6608,77.38,83,15,5.99,few clouds
31,Gander,CA,48.9682,-54.5906,53.71,60,6,12.91,clear sky
32,Namatanai,PG,-3.6667,152.4333,78.91,82,97,3.51,overcast clouds
33,Vaini,TO,-21.2,-175.2,82.56,78,40,5.75,scattered clouds
34,Carnarvon,AU,-24.8667,113.6333,75.27,73,31,12.66,scattered clouds
35,Provideniya,RU,64.3833,-173.3,31.53,92,100,14.72,light snow
36,Lebu,CL,-37.6167,-73.65,58.91,73,8,14.81,clear sky
37,Olafsvik,IS,64.8945,-23.7142,43.77,97,100,10.69,moderate rain
38,College,US,64.8569,-147.8028,31.95,40,20,9.22,few clouds
39,Klaksvik,FO,62.2266,-6.589,49.12,90,100,22.26,overcast clouds
40,Atuona,PF,-9.8,-139.0333,79.45,76,29,17.36,scattered clouds
41,Nikolskoye,RU,59.7035,30.7861,36.72,82,73,3.04,broken clouds
42,Primorsk,UA,46.7348,36.3443,47.21,84,100,6.49,overcast clouds
43,Bulgan,MN,48.8125,103.5347,35.04,56,15,3.96,few clouds
44,Pak Phanang,TH,8.3511,100.202,82.15,80,97,4.25,overcast clouds
45,Tabuk,PH,17.4189,121.4443,72.45,89,99,4.21,overcast clouds
46,Nkowakowa,ZA,-23.8878,30.2871,62.83,88,100,6.15,overcast clouds
47,Jamestown,US,42.097,-79.2353,49.51,45,0,14.97,clear sky
48,Cape Town,ZA,-33.9258,18.4232,61.11,67,0,15.01,clear sky
49,Charters Towers,AU,-20.1,146.2667,65.75,86,58,7.76,broken clouds
50,Riverton,US,40.5219,-111.9391,66.11,34,100,17.27,overcast clouds
51,Geraldton,AU,-28.7667,114.6,66.61,77,100,11.5,overcast clouds
52,Barrow,US,71.2906,-156.7887,3.22,78,0,19.57,clear sky
53,Hermanus,ZA,-34.4187,19.2345,58.8,74,2,18.84,clear sky
54,Shache,CN,38.4167,77.2406,59.68,18,3,9.89,clear sky
55,Fairbanks,US,64.8378,-147.7164,31.96,39,0,9.22,clear sky
56,Shihezi,CN,44.3,86.0333,51.82,18,0,4.32,clear sky
57,Port Elizabeth,ZA,-33.918,25.5701,63.1,84,95,5.01,overcast clouds
58,Puerto Ayora,EC,-0.7393,-90.3518,80.56,80,96,7.76,overcast clouds
59,Marquette,US,46.5333,-87.6335,28.81,62,100,13.91,overcast clouds
60,Tiksi,RU,71.6872,128.8694,-12.71,99,76,4.14,broken clouds
61,Sorong,ID,-0.8833,131.25,81.16,83,84,13.33,broken clouds
62,Talcahuano,CL,-36.7167,-73.1167,58.68,72,0,8.05,clear sky
63,Bambous Virieux,MU,-20.3428,57.7575,77.22,81,45,16.33,light rain
64,Katsuura,JP,35.1333,140.3,53.26,69,100,11.01,overcast clouds
65,Eregli,TR,37.5133,34.0467,56.84,37,46,5.61,scattered clouds
66,San Patricio,US,28.017,-97.5169,91.49,52,85,11.48,overcast clouds
67,Ballina,AU,-28.8667,153.5667,62.02,99,73,8.68,broken clouds
68,Victoria,HK,22.2855,114.1577,71.19,77,100,15.99,overcast clouds
69,Tigil,RU,57.8,158.6667,10.13,99,98,2.35,overcast clouds
70,Roald,NO,62.5833,6.1333,47.34,87,100,3.44,overcast clouds
71,Labuan,MY,5.2767,115.2417,79.81,80,99,6.15,overcast clouds
72,Puerto Del Rosario,ES,28.5004,-13.8627,69.55,78,0,13.8,clear sky
73,Sao Francisco,BR,-15.9486,-44.8644,80.26,69,88,2.53,overcast clouds
74,Saint-Philippe,RE,-21.3585,55.7679,76.59,81,52,12.19,broken clouds
75,Castro,BR,-24.7911,-50.0119,65.01,65,0,2.51,clear sky
76,Saskylakh,RU,71.9167,114.0833,10.8,93,99,14.14,overcast clouds
77,East London,ZA,-33.0153,27.9116,62.04,76,100,9.04,overcast clouds
78,Arraial Do Cabo,BR,-22.9661,-42.0278,73.26,73,75,16.11,broken clouds
79,Bredasdorp,ZA,-34.5322,20.0403,59.65,72,0,14.63,clear sky
80,Dingle,PH,10.9995,122.6711,75.6,90,37,4.85,scattered clouds
81,Tura,IN,25.5198,90.2201,69.89,74,3,6.91,clear sky
82,Georgetown,MY,5.4112,100.3354,80.53,89,20,0.0,few clouds
83,High Level,CA,58.5169,-117.136,29.3,90,100,6.22,light snow
84,Berbera,SO,10.4396,45.0143,82.26,82,87,6.78,overcast clouds
85,Puerto Leguizamo,CO,-0.1934,-74.7819,84.79,70,99,2.19,overcast clouds
86,Cidreira,BR,-30.1811,-50.2056,67.24,68,100,7.65,overcast clouds
87,Qaanaaq,GL,77.484,-69.3632,-9.47,78,74,4.72,broken clouds
88,Luwingu,ZM,-10.2621,29.9271,62.29,97,62,3.71,light rain
89,Glenwood Springs,US,39.5505,-107.3248,65.32,44,100,18.41,overcast clouds
90,Albany,US,42.6001,-73.9662,44.38,86,100,1.99,moderate rain
91,Ribeira Grande,PT,38.5167,-28.7,63.0,67,40,10.36,scattered clouds
92,Senno,RU,59.5336,33.9167,24.26,97,20,2.62,few clouds
93,Pudozh,RU,61.8099,36.5345,21.18,97,40,2.19,scattered clouds
94,Hobart,AU,-42.8794,147.3294,57.25,89,100,1.14,light rain
95,General Roca,AR,-39.0333,-67.5833,72.28,34,2,15.97,clear sky
96,Brae,GB,60.3964,-1.353,45.21,95,100,17.69,overcast clouds
97,Srednekolymsk,RU,67.45,153.6833,1.74,100,100,3.78,overcast clouds
98,Chicama,PE,-7.8447,-79.1469,64.94,63,65,10.96,broken clouds
99,Avarua,CK,-21.2078,-159.775,80.65,83,40,2.3,scattered clouds
100,Tual,ID,-5.6667,132.75,83.12,75,100,5.39,light rain
101,Sibolga,ID,1.7427,98.7792,77.49,87,86,3.09,overcast clouds
102,Iqaluit,CA,63.7506,-68.5145,9.7,78,100,3.0,overcast clouds
103,Xinqing,CN,48.2333,129.5,28.0,76,4,3.98,clear sky
104,Adrar,MR,20.5022,-10.0711,85.46,11,0,11.52,clear sky
105,Caruray,PH,10.3094,119.0128,78.75,85,87,3.31,overcast clouds
106,Cherskiy,RU,68.75,161.3,16.56,94,100,8.03,light snow
107,Sitka,US,57.0531,-135.33,42.69,61,40,8.05,scattered clouds
108,Manono,CD,-7.3,27.4167,70.47,94,100,1.28,overcast clouds
109,Esmeralda,CU,21.8525,-78.1169,85.41,49,37,14.54,scattered clouds
110,Tuktoyaktuk,CA,69.4541,-133.0374,1.78,81,28,5.03,scattered clouds
111,Rajanpur,PK,29.1035,70.325,89.76,5,9,6.02,clear sky
112,Faanui,PF,-16.4833,-151.75,81.9,72,4,15.5,light rain
113,North Bend,US,43.4065,-124.2243,51.85,80,40,14.97,scattered clouds
114,Ravar,IR,31.2656,56.8055,76.17,18,100,6.78,overcast clouds
115,Dikson,RU,73.5069,80.5464,11.57,94,100,16.24,overcast clouds
116,Kaitangata,NZ,-46.2817,169.8464,41.4,89,77,4.18,broken clouds
117,Vanderhoof,CA,54.0166,-124.0198,40.23,37,100,2.55,overcast clouds
118,Sinnamary,GF,5.3833,-52.95,80.42,77,99,10.8,overcast clouds
119,Yellowknife,CA,62.456,-114.3525,10.56,55,51,10.0,broken clouds
120,Porto Novo,BJ,6.4965,2.6036,81.91,77,96,7.02,overcast clouds
121,Bilma,NE,18.6853,12.9164,89.92,9,10,3.51,clear sky
122,Hailey,US,43.5196,-114.3153,36.99,83,100,13.8,snow
123,Nenjiang,CN,49.1833,125.2167,29.64,54,8,7.49,clear sky
124,Ostersund,SE,63.1792,14.6357,39.65,75,100,9.22,overcast clouds
125,Butaritari,KI,3.0707,172.7902,80.83,79,45,14.38,scattered clouds
126,Faya,SA,18.3851,42.4509,66.72,44,4,3.83,clear sky
127,Banikoara,BJ,11.2985,2.4386,84.34,47,100,5.91,overcast clouds
128,Raudeberg,NO,61.9875,5.1352,45.86,73,100,16.69,overcast clouds
129,Dunedin,NZ,-45.8742,170.5036,49.8,67,52,1.01,broken clouds
130,Ortakoy,TR,38.7373,34.0387,46.65,48,99,2.62,overcast clouds
131,Mar Del Plata,AR,-38.0023,-57.5575,69.82,83,0,14.0,clear sky
132,Tab,HU,46.7314,18.032,47.25,90,100,9.33,overcast clouds
133,Ancud,CL,-41.8697,-73.8203,64.22,67,26,4.34,scattered clouds
134,Sao Filipe,CV,14.8961,-24.4956,71.4,78,58,13.53,broken clouds
135,Awjilah,LY,29.1081,21.2869,77.47,20,30,18.57,scattered clouds
136,Mount Isa,AU,-20.7333,139.5,65.97,39,2,4.61,clear sky
137,Siirt,TR,37.9326,41.9403,53.01,54,0,3.53,clear sky
138,Thompson,CA,55.7435,-97.8558,25.48,58,100,3.02,overcast clouds
139,Maracaibo,VE,10.6317,-71.6406,91.02,52,29,3.98,scattered clouds
140,Nanortalik,GL,60.1432,-45.2371,31.3,80,7,9.82,clear sky
141,Avera,US,33.194,-82.5271,72.91,75,100,8.37,overcast clouds
142,Mackenzie,CA,55.2999,-123.1698,35.82,48,100,4.61,overcast clouds
143,Esperance,AU,-33.8667,121.9,62.44,68,100,14.05,overcast clouds
144,Xai-Xai,MZ,-25.0519,33.6442,71.85,91,100,16.87,moderate rain
145,Mollendo,PE,-17.0231,-72.0147,68.92,73,96,8.9,overcast clouds
146,Agropoli,IT,40.3469,14.9966,62.44,69,100,9.13,overcast clouds
147,Yar-Sale,RU,66.8333,70.8333,13.51,91,100,15.43,overcast clouds
148,Erenhot,CN,43.6475,111.9767,46.04,27,100,6.04,overcast clouds
149,Groningen,NL,53.25,6.75,49.15,60,16,4.61,few clouds
150,Erzin,TR,36.9559,36.2,59.47,60,3,4.61,clear sky
151,Coquimbo,CL,-29.9533,-71.3436,60.53,77,20,11.5,few clouds
152,Atar,MR,20.5169,-13.0499,87.64,9,0,7.18,clear sky
153,Sri Aman,MY,1.2376,111.4621,73.44,99,100,0.81,overcast clouds
154,Bom Jesus,BR,-9.0744,-44.3586,85.05,58,99,3.15,very heavy rain
155,Byron Bay,AU,-28.65,153.6167,61.95,86,55,9.01,light rain
156,Baykalsk,RU,51.5058,104.1469,37.13,78,27,10.65,scattered clouds
157,Aklavik,CA,68.2191,-135.0107,9.84,80,17,11.61,few clouds
158,Kibondo,TZ,-3.5864,30.7203,60.17,92,65,2.26,broken clouds
159,Camacha,PT,33.0833,-16.3333,63.82,63,20,16.11,few clouds
160,Chokurdakh,RU,70.6333,147.9167,-14.21,100,99,2.48,overcast clouds
161,Cayenne,GF,4.9333,-52.3333,84.24,1,75,11.5,broken clouds
162,Varna,BG,43.2167,27.9167,61.88,88,100,0.0,overcast clouds
163,Kruisfontein,ZA,-34.0033,24.7314,60.89,81,100,6.6,light rain
164,Meulaboh,ID,4.1363,96.1285,78.73,84,30,0.74,light rain
165,Kumluca,TR,36.3703,30.2869,65.14,54,38,4.83,scattered clouds
166,Pevek,RU,69.7008,170.3133,6.6,93,100,4.88,overcast clouds
167,Yakeshi,CN,49.2833,120.7333,27.86,52,34,3.98,scattered clouds
168,Kodiak,US,57.79,-152.4072,36.91,87,100,19.57,light rain
169,Williston,US,48.147,-103.618,32.04,60,49,1.99,scattered clouds
170,Hami,CN,42.8,93.45,50.97,24,0,7.83,clear sky
171,Sechura,PE,-5.5569,-80.8222,80.4,55,29,15.73,scattered clouds
172,Port Blair,IN,11.6667,92.75,83.44,66,65,2.8,broken clouds
173,Nerchinskiy Zavod,RU,51.3088,119.61,22.82,62,59,4.59,broken clouds
174,Takaka,NZ,-40.85,172.8,60.57,84,45,7.99,scattered clouds
175,Broken Hill,AU,-31.95,141.4333,66.0,42,0,11.9,clear sky
176,Yurla,RU,59.3259,54.3223,16.9,96,22,3.85,few clouds
177,Hasaki,JP,35.7333,140.8333,43.2,63,100,8.52,overcast clouds
178,Tuatapere,NZ,-46.1333,167.6833,41.7,89,67,4.92,broken clouds
179,Kaili,ID,-3.4626,120.2147,68.02,93,100,3.13,overcast clouds
180,Alofi,NU,-19.0595,-169.9187,82.29,83,40,4.61,scattered clouds
181,Tabou,CI,4.423,-7.3528,79.9,80,97,7.18,overcast clouds
182,Makhachkala,RU,42.9764,47.5024,42.78,67,1,7.67,clear sky
183,Port Augusta,AU,-32.5,137.7667,67.95,41,2,6.44,clear sky
184,Awbari,LY,26.5921,12.7805,70.92,26,0,19.95,clear sky
185,Lompoc,US,34.6391,-120.4579,65.61,70,75,15.99,broken clouds
186,Norton,ZW,-17.8833,30.7,68.27,76,98,8.72,overcast clouds
187,Khandyga,RU,62.6667,135.6,-0.13,99,99,0.63,overcast clouds
188,Yumen,CN,40.2833,97.2,39.96,23,0,11.27,clear sky
189,Amarante Do Maranhao,BR,-5.5667,-46.7422,81.0,86,18,2.13,few clouds
190,Beringovskiy,RU,63.05,179.3167,30.02,97,100,19.13,snow
191,Khatanga,RU,71.9667,102.5,18.37,97,100,6.46,light snow
192,Rawson,AR,-43.3002,-65.1023,59.13,53,0,12.06,clear sky
193,Storozhevaya,RU,43.8789,41.4514,43.63,81,6,4.45,clear sky
194,Riyadh,SA,24.6877,46.7219,77.14,23,17,8.05,few clouds
195,Botwood,CA,49.1499,-55.3482,57.9,63,32,14.56,scattered clouds
196,Saint-Pierre,RE,-21.3393,55.4781,74.91,81,20,5.75,few clouds
197,Leiyang,CN,26.4024,112.8591,51.15,95,100,4.14,overcast clouds
198,Linhares,BR,-19.3911,-40.0722,73.9,72,79,7.16,broken clouds
199,Vulcan,RO,45.3833,23.2667,43.72,84,80,5.44,broken clouds
200,Bonthe,SL,7.5264,-12.505,78.87,76,92,9.15,overcast clouds
201,Daman,IN,20.4167,72.85,80.47,76,0,8.05,clear sky
202,Sovetskiy,RU,61.3614,63.5842,28.87,98,100,3.06,light snow
203,Ahipara,NZ,-35.1667,173.1667,63.48,84,100,11.05,overcast clouds
204,Maamba,ZM,-17.3667,27.15,72.12,72,99,2.13,light rain
205,Buala,SB,-8.145,159.5921,79.74,80,100,4.85,light rain
206,Nizhniy Tsasuchey,RU,50.5167,115.1333,30.42,45,85,6.87,overcast clouds
207,Venado Tuerto,AR,-33.7456,-61.9688,72.77,28,3,5.21,clear sky
208,Kijang,KR,35.2442,129.2139,51.93,57,98,4.99,overcast clouds
209,Bethel,US,41.3712,-73.414,66.36,53,20,10.36,few clouds
210,Prince Rupert,CA,54.3161,-130.3201,46.49,49,0,4.61,clear sky
211,Tessaoua,NE,13.7574,7.9874,91.04,25,82,8.52,broken clouds
212,San Bartolome De Tirajana,ES,27.9248,-15.5733,60.31,81,0,20.71,clear sky
213,Catacocha,EC,-4.0667,-79.6333,65.37,82,85,6.6,moderate rain
214,Codrington,AU,-38.2667,141.9667,67.51,41,100,18.32,overcast clouds
215,New Norfolk,AU,-42.7826,147.0587,57.92,76,100,2.68,overcast clouds
216,Joyabaj,GT,14.995,-90.8061,87.62,23,85,8.97,overcast clouds
217,Arys,KZ,42.4252,68.795,66.65,40,100,5.39,overcast clouds
218,Horadiz,AZ,39.4488,47.3353,51.69,59,83,4.5,broken clouds
219,Rulenge,TZ,-2.7175,30.6325,60.98,95,92,1.19,overcast clouds
220,Togul,RU,53.465,85.9128,47.17,71,24,2.73,few clouds
221,Pisco,PE,-13.7,-76.2167,71.65,68,0,24.16,clear sky
222,Thinadhoo,MV,0.5333,72.9333,83.34,70,14,8.32,few clouds
223,Show Low,US,34.2542,-110.0298,68.65,11,0,23.02,clear sky
224,Sao Joao Da Barra,BR,-21.6403,-41.0511,77.09,66,89,17.13,overcast clouds
225,Cabo San Lucas,MX,22.8909,-109.9124,88.9,18,75,11.5,broken clouds
226,Skibbereen,IE,51.55,-9.2667,52.11,98,100,11.97,light rain
227,Bonito,BR,-21.1211,-56.4819,79.93,48,5,4.72,clear sky
228,Saint-Augustin,CA,51.226,-58.6502,32.5,99,100,10.63,light snow
229,Lavrentiya,RU,65.5833,-171.0,27.05,94,99,10.6,light snow
230,Isla Vista,US,34.4133,-119.861,68.77,78,100,16.11,overcast clouds
231,Murray Bridge,AU,-35.1167,139.2667,75.13,44,14,13.11,few clouds
232,Novyy Svit,UA,47.8059,38.0211,48.24,76,100,7.2,overcast clouds
233,Kahului,US,20.8947,-156.47,73.42,92,100,17.27,light rain
234,Ostrovnoy,RU,68.0531,39.5131,30.76,86,100,13.35,overcast clouds
235,Phalia,PK,32.4297,73.5775,76.26,33,13,7.09,few clouds
236,Hokitika,NZ,-42.7167,170.9667,51.53,83,88,5.32,overcast clouds
237,Upata,VE,8.0086,-62.3989,86.54,47,94,8.66,overcast clouds
238,Sawakin,SD,19.1059,37.3321,80.06,57,3,5.84,clear sky
239,Oranjemund,NA,-28.55,16.4333,59.05,76,0,11.99,clear sky
240,Waingapu,ID,-9.6567,120.2641,79.03,87,67,5.66,broken clouds
241,Roebourne,AU,-20.7833,117.1333,83.01,39,26,6.33,scattered clouds
242,Padang,ID,-0.9492,100.3543,78.1,87,97,3.47,overcast clouds
243,Xinpu,CN,34.5997,119.1594,45.25,51,100,4.25,overcast clouds
244,Paola,IT,39.3599,16.0396,58.32,57,100,6.64,overcast clouds
245,Jibuti,DJ,11.5,42.5,79.05,54,5,9.93,clear sky
246,Ko Samui,TH,9.5357,99.9357,84.02,76,78,9.31,broken clouds
247,Bandarbeyla,SO,9.4942,50.8122,81.99,78,22,8.5,few clouds
248,Severo-Kurilsk,RU,50.6789,156.125,30.97,81,100,14.29,overcast clouds
249,Khandbari,NP,27.3747,87.2039,67.98,33,0,5.77,clear sky
250,Oksfjord,NO,70.2396,22.3479,44.67,98,100,21.47,overcast clouds
251,Cockburn Town,TC,21.4612,-71.1419,80.56,69,75,18.41,broken clouds
252,Kenora,CA,49.8167,-94.4337,26.78,42,96,10.0,overcast clouds
253,Kizner,RU,56.2749,51.508,30.88,84,97,6.46,overcast clouds
254,Pouebo,NC,-20.4,164.5667,72.59,82,2,2.77,clear sky
255,Guerrero Negro,MX,27.9769,-114.0611,67.86,62,100,21.32,overcast clouds
256,Matara,LK,5.9485,80.5353,79.7,85,68,3.6,broken clouds
257,Coihaique,CL,-45.5752,-72.0662,60.75,44,0,3.44,clear sky
258,Norman Wells,CA,65.282,-126.8329,14.04,41,20,3.44,few clouds
259,San Ramon,US,37.7799,-121.978,67.82,75,75,16.11,broken clouds
260,Noumea,NC,-22.2763,166.4572,73.99,99,1,6.8,clear sky
261,Tommot,RU,58.9564,126.2925,22.12,98,100,1.72,overcast clouds
262,Watertown,US,42.3709,-71.1828,68.61,49,100,23.02,overcast clouds
263,Sambava,MG,-14.2667,50.1667,76.39,85,2,12.64,clear sky
264,Freeport,US,40.6576,-73.5832,70.11,69,0,25.32,clear sky
265,Rajauri,IN,33.3833,74.3,68.29,30,0,7.7,clear sky
266,Derzhavinsk,KZ,51.1,66.3167,51.57,64,100,5.46,overcast clouds
267,Sioux Lookout,CA,50.1001,-91.917,24.87,63,100,8.05,overcast clouds
268,Zarand,IR,30.8127,56.564,70.38,22,100,15.26,overcast clouds
269,Tilichiki,RU,60.4667,166.1,25.07,88,98,4.41,overcast clouds
270,Anadyr,RU,64.75,177.4833,30.7,80,40,6.71,light snow
271,Half Moon Bay,US,37.4636,-122.4286,66.54,80,100,19.57,mist
272,Nome,US,64.5011,-165.4064,32.16,80,100,17.27,overcast clouds
273,Vila Franca Do Campo,PT,37.7167,-25.4333,63.01,82,100,8.01,overcast clouds
274,Antalaha,MG,-14.9003,50.2788,74.34,85,0,7.43,clear sky
275,Kalabo,ZM,-14.97,22.6814,67.03,91,100,4.72,overcast clouds
276,Antsohihy,MG,-14.8796,47.9875,76.01,68,0,9.19,clear sky
277,Port Macquarie,AU,-31.4333,152.9167,57.88,87,12,6.31,few clouds
278,Korla,CN,41.7597,86.1469,50.18,14,0,2.26,clear sky
279,Deputatskiy,RU,69.3,139.9,3.02,98,100,2.17,overcast clouds
280,Vilhena,BR,-12.7406,-60.1458,80.82,74,40,5.75,scattered clouds
281,Ponta Do Sol,PT,32.6667,-17.1,72.23,50,100,7.58,overcast clouds
282,Altagracia De Orituco,VE,9.8601,-66.3814,88.07,43,96,8.41,overcast clouds
283,Saldanha,ZA,-33.0117,17.9442,61.65,58,0,11.39,clear sky
284,Nuuk,GL,64.1835,-51.7216,27.21,63,20,10.36,few clouds
285,Vao,NC,-22.6667,167.4833,76.41,71,0,8.25,clear sky
286,Felipe Carrillo Puerto,MX,19.5833,-88.05,96.12,34,5,8.52,clear sky
287,Narsaq,GL,60.9167,-46.05,41.22,74,2,4.5,clear sky
288,Santa Cruz De La Palma,ES,28.6835,-17.7642,69.13,77,20,13.8,few clouds
289,Hilo,US,19.7297,-155.09,76.28,99,100,1.01,very heavy rain
290,Shenjiamen,CN,29.9576,122.298,53.96,69,64,9.15,broken clouds
291,Ilulissat,GL,69.2167,-51.1,17.62,62,75,9.22,light snow
292,Ocean City,US,39.2776,-74.5746,77.29,70,32,14.0,scattered clouds
293,Port Hedland,AU,-20.3167,118.5667,75.25,64,13,0.0,few clouds
294,Agde,FR,43.3108,3.4758,70.95,45,0,8.05,clear sky
295,Cangzhou,CN,38.3167,116.8667,49.59,31,27,8.48,scattered clouds
296,Rathdrum,US,47.8137,-116.892,47.46,41,0,10.36,clear sky
297,Evora,PT,38.5667,-7.9,63.81,65,17,8.25,few clouds
298,Agadez,NE,19.75,10.25,85.26,10,95,14.36,overcast clouds
299,Clyde River,CA,70.4692,-68.5914,-3.77,77,100,3.44,haze
300,Ginir,ET,7.1333,40.7,58.82,88,100,9.35,moderate rain
301,Senneterre,CA,48.3835,-77.2328,33.12,61,100,6.85,overcast clouds
302,Sajanan,TN,37.0573,9.2426,58.12,94,40,15.19,scattered clouds
303,Samagaltay,RU,50.6022,95.0047,35.83,48,6,2.42,clear sky
304,Gazanjyk,TM,39.2446,55.5154,57.85,80,100,5.75,light rain
305,Svetlogorsk,BY,52.6333,29.7333,36.79,96,99,13.2,light rain
306,Porto Santo,PT,33.072,-16.3415,66.58,63,20,17.27,few clouds
307,Constitucion,CL,-35.3333,-72.4167,62.73,62,1,9.15,clear sky
308,Pangody,RU,65.85,74.4859,13.51,93,100,15.43,overcast clouds
309,Moron,AR,-34.6534,-58.6198,72.95,62,30,5.82,scattered clouds
310,Airai,TL,-8.9266,125.4092,59.32,93,62,2.62,broken clouds
311,Dakoro,NE,14.5106,6.765,90.86,8,97,13.42,overcast clouds
312,Vardo,NO,70.3705,31.1107,39.78,86,100,25.12,overcast clouds
313,Mahebourg,MU,-20.4081,57.7,79.09,78,40,11.5,scattered clouds
314,La Asuncion,VE,11.0333,-63.8628,80.55,75,1,21.61,clear sky
315,Eureka,US,40.8021,-124.1637,54.36,60,27,5.99,scattered clouds
316,Mitsamiouli,KM,-11.3847,43.2844,82.36,76,38,5.1,scattered clouds
317,Bafq,IR,31.6128,55.4107,76.95,23,70,12.08,broken clouds
318,Gat,IL,31.61,34.7642,69.4,42,32,4.09,scattered clouds
319,Zhuhai,CN,22.2769,113.5678,71.31,83,40,14.97,scattered clouds
320,Bilibino,RU,68.0546,166.4372,12.45,94,79,3.06,broken clouds
321,Husavik,IS,66.0449,-17.3389,44.37,84,100,13.15,overcast clouds
322,Fortuna,US,40.5982,-124.1573,54.09,55,35,5.99,scattered clouds
323,Isangel,VU,-19.55,169.2667,80.35,79,9,4.25,clear sky
324,Atambua,ID,-9.1061,124.8925,72.95,89,97,3.0,overcast clouds
325,Maniitsoq,GL,65.4167,-52.9,24.78,61,27,7.23,scattered clouds
326,Shimoda,JP,34.6667,138.95,49.1,80,100,11.12,moderate rain
327,Vasai,IN,19.47,72.8,82.49,72,0,4.21,clear sky
328,Saint-Felicien,CA,48.6501,-72.4491,39.88,41,75,12.66,broken clouds
329,Vestmannaeyjar,IS,63.4427,-20.2734,46.98,94,99,18.43,light rain
330,Pasighat,IN,28.0667,95.3333,67.46,94,100,5.1,light rain
331,Pavilosta,LV,56.8879,21.1859,35.51,80,99,8.03,overcast clouds
332,Shingu,JP,33.7333,135.9833,53.58,60,100,5.82,overcast clouds
333,San Pedro,PH,14.35,121.0167,81.63,76,75,4.61,broken clouds
334,Great Bend,US,38.3645,-98.7648,54.84,30,0,21.85,clear sky
335,Dunmore Town,BS,25.5,-76.65,76.68,78,2,15.17,clear sky
336,Tiznit,MA,29.5833,-9.5,77.45,23,22,2.26,few clouds
337,Chernyanka,RU,50.9409,37.8069,49.73,90,100,0.6,light rain
338,Nioro,GM,13.35,-15.75,84.0,32,13,10.65,few clouds
339,Goreloye,RU,52.937,41.5043,48.16,96,100,1.99,overcast clouds
340,Kon Tum,VN,14.35,108.0,68.86,97,45,1.92,scattered clouds
341,Flinders,AU,-34.5833,150.8552,56.37,91,2,4.0,clear sky
342,Alugan,PH,12.2188,125.4808,79.16,80,93,7.65,overcast clouds
343,Lorengau,PG,-2.0226,147.2712,80.53,80,41,4.21,scattered clouds
344,Liverpool,GB,53.4106,-2.9779,63.14,78,20,8.05,few clouds
345,Rundu,NA,-17.9333,19.7667,68.83,78,100,7.4,overcast clouds
346,Mount Gambier,AU,-37.8333,140.7667,67.89,39,100,13.35,overcast clouds
347,Marsaxlokk,MT,35.8419,14.5431,59.61,88,20,10.36,few clouds
348,Wanning,CN,18.8003,110.3967,77.05,81,100,6.2,overcast clouds
349,Sayyan,YE,15.1718,44.3244,63.12,41,2,1.25,clear sky
350,Kavieng,PG,-2.5744,150.7967,81.48,78,64,8.93,broken clouds
351,Bubaque,GW,11.2833,-15.8333,75.72,73,6,23.38,clear sky
352,Biak,ID,-0.9131,122.8766,76.75,85,100,2.73,overcast clouds
353,Tacoronte,ES,28.4769,-16.4102,68.45,73,0,1.14,clear sky
354,Markapur,IN,15.7333,79.2833,85.33,60,100,8.32,overcast clouds
355,Turinsk,RU,58.0458,63.696,32.43,81,99,11.77,overcast clouds
356,Mildura,AU,-34.2,142.15,61.07,48,6,8.05,clear sky
357,Olinda,BR,-8.0089,-34.8553,85.73,70,20,8.05,few clouds
358,Gimli,CA,50.6336,-96.9907,26.62,36,99,9.22,overcast clouds
359,Athabasca,CA,54.7169,-113.2854,31.66,56,100,9.15,overcast clouds
360,Quatre Cocos,MU,-20.2078,57.7625,78.91,82,24,16.67,few clouds
361,Luderitz,NA,-26.6481,15.1594,63.59,61,0,14.03,clear sky
362,Kuito,AO,-12.3833,16.9333,59.92,94,56,1.48,light rain
363,Kavaratti,IN,10.5669,72.642,83.53,74,29,4.43,scattered clouds
364,Itaituba,BR,-4.2761,-55.9836,78.96,100,20,4.61,few clouds
365,Gushikawa,JP,26.3544,127.8686,65.43,81,100,4.61,overcast clouds
366,Broome,US,42.2506,-75.833,41.7,77,100,6.91,overcast clouds
367,Turtas,RU,58.9417,69.1325,35.51,97,100,8.43,overcast clouds
368,Okhotsk,RU,59.3833,143.3,9.66,96,91,9.37,overcast clouds
369,Kawalu,ID,-7.3817,108.2082,72.34,97,77,1.23,broken clouds
370,Manakara,MG,-22.1333,48.0167,74.14,85,35,4.07,scattered clouds
371,Hamilton,US,39.1834,-84.5333,63.45,54,75,20.71,broken clouds
372,Pakxe,LA,15.1167,105.7833,75.96,81,86,3.09,overcast clouds
373,Nanae,JP,41.8833,140.6833,39.02,87,2,7.25,clear sky
374,Talnakh,RU,69.4865,88.3972,17.26,92,100,7.4,overcast clouds
375,Candolim,IN,15.5181,73.7626,82.67,74,85,2.71,overcast clouds
376,Mednogorsk,RU,51.4128,57.595,42.21,69,10,3.06,clear sky
377,Ballitoville,ZA,-29.539,31.2144,62.17,88,75,4.61,light rain
378,Tessalit,ML,20.1986,1.0114,77.05,15,83,8.43,broken clouds
379,Namibe,AO,-15.1961,12.1522,75.02,70,26,2.37,scattered clouds
380,Paita,PE,-5.0892,-81.1144,73.35,71,16,18.66,few clouds
381,Tuy Hoa,VN,13.0833,109.3,74.34,93,13,2.35,few clouds
382,Dustlik,UZ,40.5247,68.0358,71.94,27,100,1.16,overcast clouds
383,Partizanskoye,RU,55.5006,94.39,42.87,68,100,6.6,overcast clouds
384,Bontang,ID,0.1333,117.5,75.27,90,100,1.81,heavy intensity rain
385,Letpadan,MM,17.7833,95.75,81.84,75,15,6.08,few clouds
386,Mahibadhoo,MV,3.7833,72.9667,84.07,75,16,7.2,few clouds
387,Zeya,RU,53.75,127.2667,25.0,73,34,4.79,scattered clouds
388,Praia Da Vitoria,PT,38.7333,-27.0667,62.85,77,20,7.63,few clouds
389,Serenje,ZM,-13.2325,30.2352,61.41,88,86,4.12,overcast clouds
390,Naze,JP,28.3667,129.4833,58.12,65,77,5.61,broken clouds
391,Churapcha,RU,62.0025,132.4325,14.14,98,99,1.3,overcast clouds
392,Homer,US,59.6425,-151.5483,44.04,54,75,5.01,broken clouds
393,Excelsior Springs,US,39.3392,-94.2261,55.58,23,0,13.8,clear sky
394,Kangaatsiaq,GL,68.3065,-53.4641,11.73,85,94,1.88,overcast clouds
395,Hualmay,PE,-11.0964,-77.6139,70.88,73,100,12.53,overcast clouds
396,Novikovo,RU,51.1537,37.8879,49.68,88,100,2.35,light rain
397,Piacabucu,BR,-10.4056,-36.4344,82.99,78,5,12.86,clear sky
398,Lubaczow,PL,50.157,23.1234,38.52,81,3,5.46,clear sky
399,George,ZA,-33.963,22.4617,54.95,88,75,9.22,broken clouds
400,Russkiy Aktash,RU,55.0384,52.1214,35.46,78,72,4.92,broken clouds
401,Monrovia,LR,6.3005,-10.7969,80.37,87,50,8.01,light rain
402,Coos Bay,US,43.3665,-124.2179,52.93,81,40,14.97,scattered clouds
403,Muros,ES,42.7762,-9.0603,58.68,86,100,7.36,overcast clouds
404,Parainen,FI,60.3067,22.301,39.65,74,99,2.82,overcast clouds
405,Maceio,BR,-9.6658,-35.7353,83.64,74,0,11.5,clear sky
406,Asau,RO,46.4333,26.4,43.95,94,100,8.03,light rain
407,Kurilsk,RU,45.2333,147.8833,29.97,87,52,8.32,broken clouds
408,Villablino,ES,42.9393,-6.3194,57.65,82,76,2.71,broken clouds
409,Lunenburg,CA,44.3835,-64.3155,50.05,62,100,19.57,overcast clouds
410,Balabac,PH,7.9868,117.0645,79.83,76,69,3.02,broken clouds
411,Doha,QA,25.2867,51.5333,88.11,51,100,10.36,overcast clouds
412,Kapoeta,SS,4.7717,33.5903,71.2,83,99,1.05,overcast clouds
413,Nishihara,JP,26.1842,127.7558,65.48,71,75,6.91,broken clouds
414,Cuamba,MZ,-14.8031,36.5372,67.91,97,0,1.16,light rain
415,Akdepe,TM,42.0551,59.3788,62.69,50,100,13.15,overcast clouds
416,Lagoa,PT,39.05,-27.9833,59.31,73,47,11.03,scattered clouds
417,Baturaja,ID,-4.1333,104.1667,74.46,99,100,0.98,overcast clouds
418,Polis,CY,35.0367,32.4264,64.22,51,100,2.08,overcast clouds
419,Zaraza,VE,9.3503,-65.3245,95.22,32,87,4.61,overcast clouds
420,Newport,GB,51.5877,-2.9984,59.11,65,74,5.32,broken clouds
421,Monster,NL,52.0258,4.175,55.94,51,9,8.05,clear sky
422,Porto Walter,BR,-8.2686,-72.7439,82.99,68,86,3.62,overcast clouds
423,Yulara,AU,-25.2406,130.9889,69.64,52,3,10.36,clear sky
424,Salalah,OM,17.0151,54.0924,82.49,83,20,3.44,few clouds
425,Salinas,US,36.6777,-121.6555,65.98,70,75,10.36,broken clouds
426,Don Benito,ES,38.9563,-5.8616,66.63,52,6,4.0,clear sky
427,Port Pirie,AU,-33.1833,138.0167,69.89,45,6,6.44,clear sky
428,Caravelas,BR,-17.7125,-39.2481,77.54,69,100,11.27,overcast clouds
429,Banda Aceh,ID,5.5577,95.3222,80.58,81,96,1.92,overcast clouds
430,Bonnyville,CA,54.2668,-110.735,35.4,73,100,10.29,overcast clouds
431,Ivybridge,GB,50.3904,-3.9191,54.91,81,88,7.81,overcast clouds
432,Souillac,MU,-20.5167,57.5167,79.18,78,40,11.5,light rain
433,Mombaca,BR,-5.7431,-39.6275,85.39,60,33,3.04,scattered clouds
434,Villacarrillo,ES,38.1156,-3.0848,62.02,50,36,1.1,scattered clouds
435,Boyolangu,ID,-8.1181,111.8935,76.44,90,93,0.76,overcast clouds
436,Abeche,TD,13.8292,20.8324,88.18,28,35,2.57,scattered clouds
437,Baykit,RU,61.67,96.37,37.36,98,100,4.21,overcast clouds
438,Itarema,BR,-2.9248,-39.9167,81.34,79,23,7.16,few clouds
439,Nezhinka,RU,51.7676,55.3694,33.96,86,0,2.24,clear sky
440,Middleton,GB,53.55,-2.2,62.44,73,100,5.61,overcast clouds
441,Kieta,PG,-6.2167,155.6333,78.44,84,100,0.4,light rain
442,Rabo De Peixe,PT,37.8,-25.5833,62.11,82,20,10.36,few clouds
443,Ndioum,SN,16.5129,-14.6471,93.31,12,0,10.33,clear sky
444,Miyako,JP,39.6367,141.9525,37.08,79,1,6.35,clear sky
445,Taltal,CL,-25.4,-70.4833,64.49,70,22,6.78,few clouds
446,Bonanza,NI,14.0289,-84.591,92.46,31,37,5.59,scattered clouds
447,Malakal,SS,9.5334,31.6605,84.87,50,91,8.75,overcast clouds
448,Mantua,IT,45.1667,10.7833,56.95,70,41,7.83,scattered clouds
449,Abu Samrah,SY,35.3029,37.1841,61.86,43,50,2.53,scattered clouds
450,Robertsport,LR,6.7533,-11.3686,80.31,87,94,10.04,overcast clouds
451,Hovd,MN,48.0056,91.6419,39.94,16,0,3.58,clear sky
452,Nago,JP,26.5881,127.9761,63.45,64,77,9.82,broken clouds
453,Kirakira,SB,-10.4544,161.9205,80.19,80,72,5.59,broken clouds
454,Samarai,PG,-10.6167,150.6667,79.3,83,100,2.75,overcast clouds
455,Sotnikovo,RU,51.8845,107.4791,28.49,69,21,0.0,few clouds
456,Pekan,MY,3.4836,103.3996,78.91,86,89,1.54,light rain
457,Wuwei,CN,37.9281,102.6414,43.0,41,100,4.92,overcast clouds
458,Sabang,ID,5.8933,95.3214,83.23,69,99,3.85,overcast clouds
459,Dukat,RU,62.55,155.55,6.89,97,100,4.05,overcast clouds
460,Port Hardy,CA,50.6996,-127.4199,46.58,66,20,6.91,few clouds
461,Lincoln,US,40.8,-96.667,52.14,32,0,13.8,clear sky
462,Springbok,ZA,-29.6643,17.8865,63.0,33,0,6.71,clear sky
463,Libertador General San Martin,AR,-23.8064,-64.7876,75.34,41,17,4.54,few clouds
464,Kununurra,AU,-15.7667,128.7333,75.18,94,19,0.0,few clouds
465,Pangnirtung,CA,66.1451,-65.7125,10.02,87,100,0.83,overcast clouds
466,Belaya Gora,RU,68.5333,146.4167,-3.48,100,90,2.68,overcast clouds
467,Megion,RU,61.0296,76.1136,33.82,88,87,12.97,overcast clouds
468,Grindavik,IS,63.8424,-22.4338,48.15,100,100,17.27,overcast clouds
469,Gravdal,NO,68.1214,13.5031,41.9,98,100,11.45,overcast clouds
470,Northam,GB,51.0333,-4.2167,56.61,71,99,9.78,overcast clouds
471,Blackwater,AU,-23.5833,148.8833,61.95,83,0,6.24,clear sky
472,Ibra,OM,22.6906,58.5334,83.03,25,6,0.76,clear sky
473,Garissa,KE,-0.4536,39.6401,82.0,64,100,19.17,overcast clouds
474,Luganville,VU,-15.5333,167.1667,78.51,85,22,1.59,few clouds
475,Omboue,GA,-1.5746,9.2618,78.26,90,100,4.61,light rain
476,Altamont,US,42.2068,-121.7372,42.76,67,75,24.16,broken clouds
477,Inta,RU,66.0317,60.1659,15.22,96,97,6.44,overcast clouds
478,Gizo,SB,-8.103,156.8419,81.43,76,100,7.74,light rain
479,Axim,GH,4.8699,-2.2405,74.75,95,100,9.69,moderate rain
480,Hofn,IS,64.2539,-15.2082,45.95,99,100,15.19,light rain
481,Griffith,US,41.5284,-87.4237,49.3,50,75,16.11,broken clouds
482,Whitehorse,CA,60.7161,-135.0538,34.11,51,75,6.91,broken clouds
483,Sorland,NO,67.667,12.6934,42.51,99,100,14.52,overcast clouds
484,Tazovskiy,RU,67.4667,78.7,14.13,93,100,17.2,overcast clouds
485,Nouadhibou,MR,20.931,-17.0347,64.38,94,20,14.97,few clouds
486,Honiara,SB,-9.4333,159.95,77.22,86,100,4.16,overcast clouds
487,Chifeng,CN,42.2683,118.9636,44.76,28,0,8.7,clear sky
488,Petropavlovsk-Kamchatskiy,RU,53.0452,158.6483,27.19,64,0,2.24,clear sky
489,Torbay,CA,47.6666,-52.7314,56.17,44,20,24.16,few clouds
490,Peniche,PT,39.3558,-9.3811,59.29,89,75,14.05,broken clouds
491,Dakar,SN,14.6937,-17.4441,68.13,83,75,13.8,broken clouds
492,Te Anau,NZ,-45.4167,167.7167,39.36,93,93,1.23,overcast clouds
493,Taoudenni,ML,22.6783,-3.9836,83.16,15,0,11.1,clear sky
494,Kargasok,RU,59.0556,80.8572,47.55,88,100,8.93,overcast clouds
495,Sulangan,PH,11.1373,123.7228,81.41,76,71,7.78,broken clouds
496,Olivenza,ES,38.6832,-7.103,65.66,57,17,5.21,few clouds
497,Koshurnikovo,RU,54.1667,93.3,29.52,95,36,4.03,scattered clouds
498,Kilindoni,TZ,-7.9139,39.6668,81.66,81,99,15.9,light rain
499,Wilmington,US,34.2257,-77.9447,71.94,84,75,6.91,broken clouds
500,Zlatoust,RU,55.1711,59.6508,29.52,84,97,7.27,overcast clouds
501,Abalak,RU,58.1286,68.5944,38.12,94,100,10.8,overcast clouds
502,Chaguanas,TT,10.5167,-61.4167,87.04,50,20,12.66,few clouds
503,Canmore,CA,51.0834,-115.3521,37.51,29,91,8.05,overcast clouds
504,Mago,RU,53.2514,140.1822,28.6,97,100,4.7,light snow
505,Saint Anthony,US,45.0205,-93.218,42.15,37,0,17.27,clear sky
506,Troitsko-Pechorsk,RU,62.7084,56.1964,20.62,86,100,6.67,overcast clouds
507,Mezen,RU,65.8522,44.24,25.7,95,97,5.64,overcast clouds
508,San Rafael,AR,-34.6177,-68.3301,75.72,28,6,6.98,clear sky
509,Shelburne,CA,44.0787,-80.2041,34.12,55,100,15.17,overcast clouds
510,Takoradi,GH,4.8845,-1.7554,75.49,93,100,11.41,moderate rain
511,Regina,CA,50.4501,-104.6178,28.38,60,75,9.22,broken clouds
512,Turukhansk,RU,65.8167,87.9833,38.12,100,100,22.24,light rain
513,Vryburg,ZA,-26.9566,24.7284,60.48,82,90,6.24,light rain
514,Zhezkazgan,KZ,47.8043,67.7144,56.14,73,21,19.44,few clouds
515,Woodward,US,36.4337,-99.3904,56.43,33,100,16.11,overcast clouds
516,Nzega,RW,-2.479,29.5564,55.24,95,100,3.58,overcast clouds
517,Kolda,SN,12.8833,-14.95,91.72,14,16,5.03,few clouds
518,San Jeronimo,PE,-11.9472,-75.2829,66.99,42,52,5.82,broken clouds
519,Oliveira,BR,-20.6964,-44.8272,68.5,68,6,4.83,clear sky
520,Acapulco,MX,16.8634,-99.8901,85.82,70,0,13.8,clear sky
521,Chenzhou,CN,25.8,113.0333,50.92,98,100,3.02,overcast clouds
522,Sur,OM,22.5667,59.5289,86.94,45,0,6.29,clear sky
523,Tagab,AF,34.855,69.6492,68.11,17,100,5.66,overcast clouds
524,Lata,PT,40.1629,-8.3327,60.93,87,20,3.11,few clouds
525,Nalut,LY,30.3333,10.85,60.58,56,34,11.92,scattered clouds
526,Vicosa,BR,-20.7539,-42.8819,66.34,76,0,6.11,clear sky
527,Pont-Audemer,FR,49.35,0.5167,56.95,75,0,7.18,clear sky
528,Ardabil,IR,38.2498,48.2933,33.35,75,40,6.91,scattered clouds
529,Makakilo City,US,21.3469,-158.0858,75.52,79,100,10.36,light rain
530,Cairns,AU,-16.9167,145.7667,71.55,88,100,11.5,overcast clouds
531,Ust-Kulom,RU,61.6864,53.6902,22.8,96,100,3.13,overcast clouds
532,Zambezi,ZM,-13.5432,23.1047,65.73,96,100,4.27,light rain
533,Durango,MX,24.8333,-104.8333,83.64,3,98,6.73,overcast clouds
534,Belmonte,BR,-15.8631,-38.8828,75.92,91,100,15.41,heavy intensity rain
535,Wad Rawah,SD,15.1603,33.1397,94.53,19,98,1.52,overcast clouds
536,Progreso,MX,21.2833,-89.6667,99.1,63,0,17.69,clear sky
537,Mattawa,US,46.7379,-119.9028,42.01,59,100,11.92,overcast clouds
538,Owando,CG,-0.4819,15.8999,77.47,77,56,2.53,broken clouds
539,Collie,AU,-33.3667,116.15,50.83,92,88,3.78,overcast clouds
540,Hecun,CN,36.5333,114.1111,49.71,34,54,4.03,broken clouds
541,Sulphur,US,30.2366,-93.3774,85.98,71,75,12.66,broken clouds
542,Vermilion,US,40.1667,-87.7506,55.99,34,0,14.97,clear sky
543,Coahuayana,MX,18.7333,-103.6833,90.34,42,76,8.39,broken clouds
544,Havoysund,NO,70.9963,24.6622,39.43,92,100,33.89,overcast clouds
545,Vila Do Maio,CV,15.1333,-23.2167,72.39,80,29,14.79,scattered clouds
546,San Quintin,MX,30.4833,-115.95,65.84,65,1,24.47,clear sky
547,Eagle Pass,US,28.7091,-100.4995,92.26,60,75,5.75,broken clouds
548,Mangrol,IN,21.1167,70.1167,79.99,72,0,9.04,clear sky
549,Vorsma,RU,55.9856,43.2717,31.84,98,100,19.1,light snow
550,Fare,PF,-16.7,-151.0167,81.36,72,0,15.03,light rain
551,Parrita,CR,9.5201,-84.3225,85.48,69,100,5.99,overcast clouds
552,Rosetta,EG,31.4044,30.4164,64.76,54,92,16.53,overcast clouds
553,Kabardinka,RU,44.6514,37.9428,47.95,73,69,0.43,broken clouds
554,Bowen,AU,-20.0167,148.2333,71.64,77,83,12.55,broken clouds
555,Toma,BF,12.7667,-2.8833,81.63,39,100,5.93,overcast clouds
556,Mo I Rana,NO,66.3128,14.1428,39.33,94,100,1.14,overcast clouds
557,Verkh-Usugli,RU,52.7,115.1667,22.95,59,100,3.0,overcast clouds
558,Margate,GB,51.3813,1.3862,53.31,82,11,3.0,few clouds
559,Tucuman,AR,-26.8241,-65.2226,73.4,53,40,0.0,scattered clouds
560,Shakhtinsk,KZ,49.71,72.5872,58.55,27,100,8.41,overcast clouds
561,Macau,MO,22.2006,113.5461,69.85,83,40,14.97,scattered clouds
562,Hay River,CA,60.8156,-115.7999,10.36,66,75,12.66,broken clouds
563,Katobu,ID,-4.9408,122.5276,75.27,94,63,2.98,broken clouds
564,Yokote,JP,39.3,140.5667,35.58,85,1,3.09,clear sky
565,Huangpi,CN,30.8845,114.3779,55.51,82,88,6.71,overcast clouds
566,Nava,MX,28.4167,-100.7667,85.3,39,91,7.16,overcast clouds
567,Madang,PG,-5.2246,145.7966,75.96,91,98,2.64,overcast clouds
568,Agirish,RU,61.9247,63.0231,26.49,98,100,2.37,light snow
569,San Angelo,US,31.4638,-100.437,82.62,32,0,16.11,clear sky
570,Huaraz,PE,-9.5333,-77.5333,67.17,46,69,2.53,light rain
571,Kloulklubed,PW,7.0419,134.2556,75.7,73,38,1.45,scattered clouds
572,Xichang,CN,27.8964,102.2634,50.85,85,90,3.58,overcast clouds
573,Padampur,IN,29.6833,73.6167,83.68,12,7,9.46,clear sky
574,Whitianga,NZ,-36.8333,175.7,60.55,75,100,9.69,overcast clouds
575,Mapiri,BO,-15.25,-68.1667,77.38,64,90,2.91,overcast clouds
576,Pitimbu,BR,-7.4706,-34.8086,82.99,77,6,8.79,clear sky
577,Tongliao,CN,43.6125,122.2653,45.77,34,42,7.11,scattered clouds
578,Mingaora,PK,34.7758,72.3625,67.03,30,100,7.14,overcast clouds
579,Farmington,US,36.7281,-108.2187,73.78,10,0,8.01,clear sky
580,Rio Gallegos,AR,-51.6226,-69.2181,51.85,71,75,11.5,broken clouds
581,Valle De Allende,MX,26.9333,-105.4,86.14,7,100,5.26,overcast clouds
582,Besikduzu,TR,41.052,39.2284,49.89,74,2,6.91,clear sky
583,Novyy Urengoy,RU,66.0833,76.6333,15.73,92,100,16.93,overcast clouds
584,Kropotkin,RU,45.4375,40.5756,50.85,71,28,5.73,scattered clouds
585,Vila,PT,42.0304,-8.1588,55.71,76,67,1.39,broken clouds
586,Maningrida,AU,-12.0667,134.2667,75.49,87,89,9.26,overcast clouds
587,Sagua De Tanamo,CU,20.5819,-75.2414,76.89,85,100,0.69,overcast clouds
588,Qinzhou,CN,21.95,108.6167,59.02,85,100,12.91,overcast clouds
589,Irtyshskiy,RU,58.3333,68.1333,37.9,96,100,9.95,overcast clouds
590,Cozumel,MX,20.5083,-86.9458,89.67,66,40,9.22,scattered clouds
591,Eau Claire,US,44.8114,-91.4985,39.58,49,75,10.36,broken clouds
592,Osa,RU,57.2829,55.4567,30.29,82,94,3.2,overcast clouds
593,Alta Floresta,BR,-9.8756,-56.0861,76.82,94,40,5.75,thunderstorm
594,Magdagachi,RU,53.45,125.8,24.22,69,4,7.05,clear sky
595,Dongsheng,CN,39.8161,109.9776,45.48,50,100,10.31,light rain
596,Conceicao Do Araguaia,BR,-8.2578,-49.2647,85.42,73,67,2.19,broken clouds
597,Honningsvag,NO,70.9821,25.9704,38.95,87,100,33.38,overcast clouds
598,Wagga Wagga,AU,-35.1167,147.3667,56.61,88,22,8.05,few clouds
599,Cururupu,BR,-1.8283,-44.8683,80.71,82,87,3.49,overcast clouds
600,Poykovskiy,RU,61.2333,73.3333,28.69,79,75,11.18,broken clouds
601,Asheville,US,35.6009,-82.554,73.24,58,20,5.01,few clouds
602,Cabedelo,BR,-6.9811,-34.8339,83.07,80,31,7.92,scattered clouds
603,Samana,DO,19.2056,-69.3369,85.96,78,40,9.22,scattered clouds
604,La Ligua,CL,-32.4524,-71.2311,69.01,49,0,7.81,clear sky
605,Trinidad,BO,-14.8333,-64.9,85.98,54,20,6.91,few clouds
606,Morondava,MG,-20.2833,44.2833,82.2,83,70,5.7,light rain
607,Chiang Mai,TH,18.75,99.0,90.91,53,40,2.3,scattered clouds
608,Abu Dhabi,AE,24.4667,54.3667,86.02,55,0,4.61,clear sky
609,Visconde Do Rio Branco,BR,-21.0103,-42.8406,69.85,76,0,4.9,clear sky
610,Plouzane,FR,48.3833,-4.6167,60.85,72,0,6.91,clear sky
611,Rosarito,MX,32.3333,-117.0333,72.63,59,19,13.71,few clouds
612,Saravena,CO,6.9538,-71.8752,77.85,80,100,4.5,light rain
613,Lucea,JM,18.451,-78.1736,82.26,67,11,1.48,few clouds
614,Soyo,AO,-6.1349,12.3689,79.48,86,96,6.15,overcast clouds
615,Belyy Yar,RU,53.6039,91.3903,39.09,48,7,4.47,smoke
616,Kholmogory,RU,64.2229,41.656,27.46,96,99,5.17,overcast clouds
617,Millinocket,US,45.6573,-68.7098,44.71,81,100,3.44,light rain
618,Biswan,IN,27.5,81.0,82.92,14,0,5.53,clear sky
619,Kamenka,RU,51.3223,42.7678,50.4,78,100,11.01,overcast clouds
620,Tarbagatay,RU,51.4803,107.3602,27.93,80,10,3.06,clear sky
621,Lakes Entrance,AU,-37.8811,147.981,58.06,69,93,6.13,overcast clouds
622,Oistins,BB,13.0667,-59.5333,82.49,61,20,19.57,few clouds
623,Xining,CN,36.6167,101.7667,36.97,71,100,4.47,overcast clouds
624,Porbandar,IN,21.6422,69.6093,80.29,74,0,9.28,clear sky
625,Seoul,KR,37.5683,126.9778,44.04,90,0,6.91,mist
626,Elat,IL,29.5581,34.9482,75.04,22,0,4.61,clear sky
627,Qiqihar,CN,47.3408,123.9672,35.58,34,48,6.44,scattered clouds
628,Sao Jose Da Coroa Grande,BR,-8.8978,-35.1478,81.99,79,7,11.23,clear sky
629,Creel,MX,27.75,-107.6333,73.96,8,100,13.8,overcast clouds
630,Vanimo,PG,-2.6741,141.3028,77.14,91,79,3.67,broken clouds
631,Ankpa,NG,7.3706,7.6253,80.46,62,99,2.73,light rain
632,Storsteinnes,NO,69.2408,19.2344,41.38,100,100,2.77,overcast clouds
633,Tomatlan,MX,19.9333,-105.25,91.02,30,100,9.69,overcast clouds
634,Sokoni,TZ,-6.4333,39.55,78.66,79,100,8.37,light rain
635,Deulgaon Raja,IN,20.0167,76.0333,85.59,18,0,8.5,clear sky
636,Yoichi,JP,43.2039,140.7703,40.84,67,100,13.51,overcast clouds
637,Dillon,US,34.4166,-79.3712,77.11,61,100,11.25,overcast clouds
638,Yenagoa,NG,4.9247,6.2642,79.07,85,27,6.64,scattered clouds
639,Kasane,BW,-17.8167,25.15,69.82,78,100,4.7,light rain
640,Butembo,CD,0.15,29.2833,57.63,98,100,2.55,overcast clouds
641,Sembabule,UG,-0.0772,31.4567,61.02,94,100,3.4,overcast clouds
642,Beirut,LB,33.8889,35.4944,69.39,77,0,4.61,clear sky
643,Matay,EG,28.419,30.7792,81.39,12,0,4.94,clear sky
644,Komsomolets,KZ,53.7453,62.0708,38.62,71,7,10.09,clear sky
645,Yining,CN,29.0361,114.5636,50.4,90,96,1.1,overcast clouds
646,Santiago Del Estero,AR,-27.7951,-64.2615,75.92,34,1,4.9,clear sky
647,Merauke,ID,-8.4667,140.3333,77.22,90,100,8.5,overcast clouds
648,Envira,BR,-7.3,-70.2167,84.16,68,60,4.32,broken clouds
649,Astana,KZ,51.1801,71.446,55.35,54,0,6.71,clear sky
650,Saint Marys,US,30.7305,-81.5465,85.12,85,0,11.5,clear sky
651,Khasan,RU,42.4308,130.6434,44.67,46,100,3.91,overcast clouds
652,Laerdalsoyri,NO,61.098,7.4816,39.94,93,100,3.02,overcast clouds
653,Mpanda,TZ,-6.3655,31.0409,65.48,95,81,2.62,broken clouds
654,Seminole,US,28.7086,-81.2081,90.34,55,40,6.91,scattered clouds
655,Vredendal,ZA,-31.6683,18.5012,66.69,30,0,4.41,clear sky
656,Lolotique,SV,13.55,-88.35,93.2,41,88,7.0,overcast clouds
657,Evensk,RU,61.95,159.2333,24.08,81,100,6.51,overcast clouds
658,Chicaman,GT,15.4,-90.7667,80.51,38,73,6.53,broken clouds
659,Westport,US,41.1415,-73.3579,67.62,67,20,14.97,few clouds
660,Solvychegodsk,RU,61.3305,46.9156,22.8,98,16,2.53,few clouds
661,Finote Selam,ET,10.7,37.2667,65.55,67,100,0.56,overcast clouds
662,Yatou,CN,37.15,122.3833,48.33,27,0,6.13,clear sky
663,Egvekinot,RU,66.3167,-179.1667,15.48,87,100,11.1,overcast clouds
664,Holme,DK,56.1138,10.1725,44.19,75,31,4.97,scattered clouds
665,Mul,IN,20.0667,79.6667,88.95,31,0,6.8,clear sky
666,Arica,CL,-18.475,-70.3042,72.95,60,0,14.97,clear sky
667,Magnolia,US,33.2671,-93.2393,65.89,90,100,3.13,overcast clouds
668,Shubarkuduk,KZ,49.1447,56.4872,47.82,74,100,1.59,overcast clouds
669,Saint-Lo,FR,49.1162,-1.0903,50.43,91,28,4.79,scattered clouds
670,Walvis Bay,NA,-22.9575,14.5053,54.55,100,2,2.3,clear sky
671,Portland,US,45.5234,-122.6762,54.68,61,75,10.36,broken clouds
672,Champerico,GT,14.3,-91.9167,88.16,60,22,14.74,few clouds
673,Lichinga,MZ,-13.3128,35.2406,60.78,96,8,5.7,clear sky
674,Puerto Quijarro,BO,-17.7833,-57.7667,91.51,33,0,4.99,clear sky
675,Praia,CV,14.9215,-23.5087,72.14,68,20,17.27,few clouds
676,Shaturtorf,RU,55.5672,39.4169,31.84,94,100,13.98,overcast clouds
677,Bajmok,RS,45.9688,19.4243,43.61,77,95,15.1,overcast clouds
678,Nouakchott,MR,18.0858,-15.9785,60.73,86,1,12.57,clear sky
679,Pacific Grove,US,36.6177,-121.9166,63.41,84,75,11.01,broken clouds
680,Los Llanos De Aridane,ES,28.6585,-17.9182,65.12,88,20,13.8,few clouds
681,Imbituba,BR,-28.24,-48.6703,73.81,64,13,12.82,few clouds
682,Devils Lake,US,48.1128,-98.8651,25.95,52,0,9.22,clear sky
683,Voh,NC,-20.9667,164.7,71.26,86,0,3.53,clear sky
684,Simpang,ID,-1.2667,104.0833,74.52,96,100,1.95,overcast clouds
685,Mandalgovi,MN,45.7625,106.2708,35.24,47,100,13.58,overcast clouds
686,San Policarpo,PH,12.1791,125.5072,79.92,78,93,7.92,overcast clouds
687,San Ignacio,BZ,17.1561,-89.0714,96.96,27,98,7.81,overcast clouds
688,Nemuro,JP,43.3236,145.575,32.54,65,3,4.88,clear sky
689,Comodoro Rivadavia,AR,-45.8667,-67.5,58.86,63,0,13.8,clear sky
690,Kasempa,ZM,-13.4584,25.8338,64.54,95,100,3.89,overcast clouds
691,Mwinilunga,ZM,-11.7358,24.4293,64.22,95,100,2.59,light rain
692,Kaspiysk,RU,42.8816,47.6392,42.98,93,1,2.24,clear sky
